SNP	CHR	BP	A1	A2	BETA	SE	P	N	minor_allele	minor_AF	low_confidence_variant	n_complete_samples
rs1421085	16	53835361	C	T	0.0420	0.0038	1.32e-28	450000	C	0.42	false	450000
rs9939609	16	53819542	A	G	0.0385	0.0041	6.45e-21	450000	A	0.45	false	448210
rs8050136	16	53825557	A	C	0.0352	0.0040	1.44e-18	450000	A	0.38	false	450000
rs1558902	16	53815344	A	T	0.0310	0.0042	1.48e-13	450000	T	0.33	false	449100
rs1121980	16	53770302	C	T	0.0280	0.0045	4.72e-10	450000	C	0.28	false	450000
rs17817449	16	53821005	G	T	-0.0340	0.0041	1.13e-16	450000	G	0.35	false	450000
rs56082629	16	53338210	A	G	0.0021	0.0051	6.81e-01	450000	A	0.12	false	447500
rs11075990	16	53412550	C	G	-0.0045	0.0048	3.49e-01	450000	G	0.15	false	450000
rs4785132	16	53550100	T	C	0.0082	0.0044	6.23e-02	450000	T	0.22	false	450000
rs1475221	16	53710500	G	A	0.0125	0.0042	2.91e-03	450000	A	0.48	false	449800
rs9930506	16	53842100	G	A	0.0321	0.0039	1.91e-16	450000	A	0.41	false	450000
rs7193058	16	53880000	C	T	0.0210	0.0045	3.01e-06	450000	C	0.19	false	450000
rs1244500	16	53950000	T	G	-0.0095	0.0047	4.33e-02	450000	G	0.09	true	445200
rs11642841	16	54010300	A	G	0.0055	0.0049	2.61e-01	450000	A	0.31	false	450000
rs2388401	16	54120050	G	C	-0.0032	0.0052	5.38e-01	450000	C	0.14	false	449000
rs8060232	16	54230000	T	A	0.0015	0.0055	7.85e-01	450000	A	0.06	false	450000
rs9920102	16	54330100	C	G	-0.0008	0.0058	8.90e-01	450000	G	0.08	true	448000